RegionName,AreaID,TotalIntroducedSpecies,ButterflyIntSp,NonButterflyIntSp,Country,Continent,Island,GDP_AVG5Y,InvBias_SC,Area_SqKms,DensPop,AgricultureCultivated_Area_100,Urban_Area_100,ClosedForest_Area_100,OpenForest_Area_100,MeanAnnualTemperature,AnnualPrecipitation
Afghanistan,AFG.1_1,2.0,0.0,2.0,Afghanistan,Asia,0,16949.1329,0.25,643838.732,47.61383,6.880037643737317,0.1704728014194826,0.34203570273211187,1.1560344675469811,11.992055123398451,450.04275190228304
Angola,AGO.1_1,3.0,0.0,3.0,Angola,Africa,0,75025.8111,0.25,1246918.115,28.80564,3.9811693325173465,0.11608843422254456,30.23432305392995,30.78759696362647,21.97171271758817,1098.0453893533952
Albania,ALB.1_1,21.0,1.0,20.0,Albania,Europe,0,18284.5994,0.5,28727.645,99.56435,16.32934720811534,2.1113048810869857,27.269440345464183,21.623483643471765,12.068852783499999,1410.7970441977147
Andorra,AND.1_1,0.0,0.0,0.0,Andorra,Europe,0,3307.2956,,451.1,249.61818,0.02189621195533173,1.1664709278022176,38.14320122618787,10.593785456934132,3.494039273357116,1195.8224374308325
United Arab Emirates,ARE.1_1,9.0,1.0,8.0,United Arab Emirates,Asia,0,439900.7795,2.0,71093.261,126.60325,0.6968659606952239,2.3742518610694905,0.0101304992494221,0.5773291914316269,27.53351728621986,78.11154473892819
Argentina,ARG.1_1,8.0,0.0,8.0,Argentina,South America,0,519784.925,1.75,2758164.992,15.98962,14.5060781278231,0.30802074771291904,8.975300960158597,3.411342920974763,14.313754705536956,723.6197030580757
Argntinian Islands,ARG.2_1,0.0,0.0,0.0,Argentina,South America,1,,1.75,20884.465,7.94991,0.0,0.11598683503355224,26.345254486854657,1.1077612902895577,4.79140353077213,710.3230634210304
Armenia,ARM.1_1,1.0,0.0,1.0,Armenia,Asia,0,16747.8308,1.0,29690.165,93.94985,16.76450724712972,2.9457327465610796,11.0688585293431,3.461234412427621,5.954765797338134,714.0929771007675
Antarctica,ATA.1_1,0.0,0.0,0.0,Antarctica,Antarctica,0,,,12365046.68,,0.0,0.0,0.0,0.0,-37.82794209555577,239.66483993622438
Antigua and Barbuda,ATG.1_1,2.0,0.0,2.0,Antigua and Barbuda,North America,1,1727.6667,0.75,435.81,220.51115,4.623601626232296,5.1045624850530125,9.063853532803657,45.06682964419526,25.915103128658675,1317.404500707229
Australia,AUS.1_1,130.0,2.0,128.0,Australia,Australia,0,1598056.964,3.0,7619879.675,2.9609,4.977804081940863,0.1700216994996928,10.216745318332194,15.75585402672391,21.937838521262893,490.10950684660725
Australian Islands,AUS.2_1,1.0,0.0,1.0,Australia,Australia,1,25964.656,,68178.555,7.19641,1.136222734528341,0.39299198187912393,45.94033873779816,19.35487171976752,10.437803690055263,1284.7170000161873
Australian Oceania Territories,AUS.3_1,2.0,0.0,2.0,Australia,Oceania,1,,,40.634,50.42028,0.0,0.0,0.0,0.0,19.337719298245613,1280.4456187465735
Australian Antarctic Territories,AUS.4_1,0.0,0.0,0.0,Australia,Antarctica,1,,,363.034,,0.0,0.0,0.0,0.0,-1.26153846138669,1842.450427193927
Australian Asian Territories,AUS.5_1,1.0,0.0,1.0,Australia,Asia,1,,,153.32,18.74228,0.0,0.0,0.0,0.0,25.658556045695423,2023.821386979863
Austria,AUT.1_1,39.0,1.0,38.0,Austria,Europe,0,469183.386,3.0,83946.896,106.57514,20.96044849335367,3.9753568659270018,44.12654944847659,12.342920314722615,6.225736192245854,1196.9805944561772
Azerbaijan,AZE.1_1,2.0,0.0,2.0,Azerbaijan,Asia,0,59371.2588,0.5,86235.488,121.78326,41.3745041878756,3.2208783143890924,12.189066493428518,4.721156155591505,11.977547651708134,532.2139517280034
Burundi,BDI.1_1,2.0,0.0,2.0,Burundi,Africa,0,2796.5765,1.0,26935.291,424.56761,55.91674624864689,0.9689470888709596,4.19887548080312,16.452255526177193,20.301447572276153,1332.8444599488735
Belgium,BEL.1_1,43.0,1.0,42.0,Belgium,Europe,0,575724.476,2.5,30707.466,382.75874,39.328087812827775,13.478569974838347,21.079673687903217,17.09733854438697,9.840418766702502,937.5126463369282
Benin,BEN.1_1,6.0,0.0,6.0,Benin,Africa,0,16962.2221,1.0,115286.16,113.59686,28.758718991128383,1.458957043374323,4.712572554448015,37.29676492809484,27.383943752209593,1084.5144776233037
Burkina Faso,BFA.1_1,3.0,0.0,3.0,Burkina Faso,Africa,0,18520.0354,0.75,272946.964,83.16569,35.65565893457185,0.732493237219049,0.13228368320465791,8.744437382180099,28.45624232801751,772.6414533420451
Bangladesh,BGD.1_1,5.0,0.0,5.0,Bangladesh,Asia,0,407805.953,1.0,139384.367,1212.08828,55.801349795035904,5.558843598159808,19.412173390496953,11.224434849201517,25.22420366755011,2515.251024520066
Bulgaria,BGR.1_1,40.0,1.0,39.0,Bulgaria,Europe,0,83363.4007,2.25,111587.671,62.77473,44.91466067461581,2.819805624068103,35.8490611435087,10.466880629527852,10.910491740572295,673.5390838286304
Bahrain,BHR.1_1,1.0,0.0,1.0,Bahrain,Asia,1,41976.984,1.5,714.678,3233.78672,3.001205977987085,26.537621933533824,0.0030531088280641764,0.9693620529103759,25.806493591952638,83.35378797126539
Bahamas,BHS.1_1,1.0,0.0,1.0,Bahamas,North America,1,12363.64,2.5,13388.08,32.0682,0.12280230564221226,1.1545565357519163,16.6782224242299,6.873210338202177,25.134399979280992,1094.6074883657532
Bosnia and Herzegovina,BIH.1_1,10.0,1.0,9.0,Bosnia and Herzegovina,Europe,0,23286.1607,0.75,51068.854,66.05148,17.671973889695607,1.7093447765692211,53.80368297761583,16.297364311350997,9.719341273079712,1276.671204356623
Belarus,BLR.1_1,7.0,0.0,7.0,Belarus,Europe,0,68217.6376,1.25,207069.809,44.85258,37.84537962028856,1.986318457146367,42.52460807006709,11.075423005544529,6.76120572408756,672.8073738125322
Belize,BLZ.1_1,0.0,0.0,0.0,Belize,North America,0,2553.05,1.75,22043.381,19.32325,12.630446482254653,0.34361768774412726,57.864314635653834,11.602799396225146,25.2074399716691,2165.8373041714935
Bolivia,BOL.1_1,3.0,0.0,3.0,Bolivia,South America,0,41414.9919,,1084380.219,11.02005,2.122752561120333,0.10466496300435182,51.61340610968417,5.152102610324344,19.92505505161479,1390.0342445607557
Brazil,BRA.1_1,10.0,0.0,10.0,Brazil,South America,0,1829126.487,1.75,8509083.325,26.72721,7.282529054437246,0.37413993238897375,50.09449990702197,9.78878833841752,24.672597817956515,1823.6382261460478
Barbados,BRB.1_1,4.0,0.0,4.0,Barbados,North America,1,5841.9822,2.0,434.64,667.44007,19.281951007549836,23.24697191896149,4.576068654608658,25.001357883873773,25.831024607852015,1645.367172212257
Brunei,BRN.1_1,1.0,0.0,1.0,Brunei,Asia,1,14258.2722,1.5,5777.491,79.86136,0.7897966137836024,3.778606086325732,89.33314658064894,4.145282439045805,26.142050099443193,3904.632536779533
Bhutan,BTN.1_1,0.0,0.0,0.0,Bhutan,Asia,0,2688.7309,0.25,38762.989,22.00397,0.7172728438892957,0.03764868517601804,73.5194508467615,6.7678589863348915,8.896469362532876,2313.8105427993214
Botswana,BWA.1_1,4.0,0.0,4.0,Botswana,Africa,0,18031.0378,0.5,577870.824,4.19381,1.3872007379725546,0.26075825809308945,0.39821077726946885,10.243291192162912,21.960922570945467,399.9099236203454
Central African Republic,CAF.1_1,2.0,0.0,2.0,Central African Republic,Africa,0,2400.5263,0.75,620199.668,8.82941,0.5247146428587434,0.0695159987388876,54.285327051026066,34.740243999370726,25.54689725817645,1421.9014437403196
Canada,CAN.1_1,82.0,2.0,80.0,Canada,North America,0,1957108.4600000002,3.0,9955196.169,2.7178,3.1026902989782554,0.11566914740801025,26.403793110169854,10.908505012930583,-6.058634774642234,650.1217154988196
Switzerland,CHE.1_1,32.0,1.0,31.0,Switzerland,Europe,0,798415.5800000001,2.5,41235.436,222.37913,10.943761109481766,5.530982592647204,27.25258161266331,14.826084455556403,4.963295886306178,1632.749910646813
Chile,CHL.1_1,42.0,1.0,41.0,Chile,South America,0,297071.332,2.75,752545.103,25.73576,5.443791173762131,0.3088827321663911,22.583109129975327,2.5672548835623092,8.184355711041228,1940.2501587660129
China,CHN.1_1,24.0,1.0,23.0,China,Asia,0,16403774.800000003,2.25,9350874.432,149.05228,17.61590596962752,2.5585970559643916,18.810165281153246,6.378866990124744,6.415855609784836,722.6176723000566
Hainan,CHN.2_1,5.0,0.0,5.0,China,Asia,1,92970.9536,2.25,34061.352,299.45745,19.888058634671886,4.619094950024975,51.934873536193415,20.19949646567339,23.85573830446807,2036.2248422828272
Hong Kong and Macau,CHN.3_1,3.0,0.0,3.0,China,Asia,1,399732.5003,,1162.787,7027.2399,2.1128935734831376,16.328835350668903,55.486380571803636,13.629080519681088,22.65897952358739,2268.9463300017273
Cote dIvoire,CIV.1_1,3.0,0.0,3.0,C√¥te d'Ivoire,Africa,0,69050.8027,1.0,321543.245,87.51281,3.5961503018050354,0.7895516641171483,24.15506314650904,63.72973939351033,26.199726380148153,1306.8631756605546
Cameroon,CMR.1_1,5.0,0.0,5.0,Cameroon,Africa,0,43815.9106,1.25,466040.035,61.37014,5.347080357303937,0.45158727684851896,57.92130281607323,20.650062985309837,24.25931945158454,1844.72379884716
Democratic Republic of the Congo,COD.1_1,4.0,0.0,4.0,Democratic Republic of the Congo,Africa,0,57601.2218,0.5,2328869.298,51.54985,1.3431631727997453,0.14916517592928744,68.20693598770248,11.86297414407253,23.78952629755667,1669.9787140442097
Republic of the Congo,COG.1_1,3.0,0.0,3.0,Republic of the Congo,Africa,0,14281.8203,0.75,341732.667,13.07127,0.5216704447878857,0.1271919466445509,69.7681190793162,4.6695226533560446,24.449828295293234,1714.546652882945
Colombia,COL.1_1,7.0,0.0,7.0,Colombia,South America,0,323680.44000000006,1.75,1137189.016,56.16051,1.726287107950917,0.2500250678758702,61.01542528886369,10.193938076653335,23.59960389541306,3113.770647884933
North America Colombian Islands,COL.2_1,0.0,0.0,0.0,Colombia,North America,1,465.254,,52.279,2120.84349,0.7699275362318841,11.05072463768116,41.191123188405804,27.0606884057971,26.340322648325273,2031.3870888986896
Comoros,COM.3_1,1.0,0.0,1.0,Comoros,Africa,1,,,1673.15,529.29354,0.3239985820630982,3.5136476426799006,69.6221198156682,14.833037929812123,23.272300012588502,1768.7709487304687
Cabo Verde,CPV.1_1,5.0,0.0,5.0,Cabo Verde,Africa,1,2181.2816,0.25,4090.952,132.73291,3.5723038866438293,1.126836024554424,0.2131697891670989,5.902067290976762,22.925180556975214,203.7234338492275
Costa Rica,CRI.1_1,10.0,1.0,9.0,Costa Rica,North America,0,69503.116,1.0,51177.91,93.81858,31.70333186560592,1.2837328537098676,46.0679209516844,17.212804304670357,22.820197253260734,3718.824617672078
Cuba,CUB.1_1,8.0,1.0,7.0,Cuba,North America,1,99810.0987,2.25,110730.652,101.77013,11.516770255688023,1.2844305130386873,24.380340417485762,27.835830961625607,25.211978109454957,1401.0940437492704
Cyprus,CYP.1_1,20.0,1.0,19.0,Cyprus,Asia,1,29397.5486,1.0,9267.492,147.62591,30.923657221235075,6.586111227562129,12.827491612839424,10.986992242212382,18.955716666717716,532.132515586114
Czechia,CZE.1_1,35.0,1.0,34.0,Czechia,Europe,0,280347.588,2.5,78837.644,138.69076,47.57001611585884,5.9315427779825525,35.09576290922527,9.593955016707833,8.071846879106367,719.1493108980795
Germany,DEU.1_1,53.0,1.0,52.0,Germany,Europe,0,4118791.918,2.75,357823.909,222.30719,45.42659956767024,8.106163879668143,30.51128681394207,10.89405907450246,8.938715316058572,837.8599110286789
Djibouti,DJI.1_1,0.0,0.0,0.0,Djibouti,Africa,0,3486.5318,0.5,22372.295,51.99816,0.07739724574023384,0.1733082946081864,5.304814649776137e-05,0.03389776561206951,28.152556522107798,198.9712980458579
Dominica,DMA.1_1,5.0,0.0,5.0,Dominica,North America,1,586.4341,1.0,754.214,94.45114,0.11160368292153641,2.0863688501720556,78.22023126763182,12.732120159965278,24.305943307075793,2533.286036167956
Denmark,DNK.1_1,89.0,4.0,85.0,Denmark,Europe,0,382263.08,2.25,43144.849,138.74046,66.67479893650214,6.313824504453687,12.428032981060113,9.942588184234934,8.472198467229031,785.5123673635992
Greenland,DNK.2_1,0.0,0.0,0.0,Denmark,North America,1,3044.68,,2150880.21,0.01711,5.815339971466988e-05,0.00045008885239481003,0.0018764163641266816,0.06552152776550224,-19.691691512298576,431.44615026103173
Denmark European Islands,DNK.3_1,0.0,0.0,0.0,Denmark,Europe,1,3535.391,,1439.614,37.47959,0.06650101145250951,0.014335547378984088,0.23335085455790766,0.09119000971631545,5.962742076306874,2514.8960427566085
Dominican Republic,DOM.1_1,8.0,1.0,7.0,Dominican Republic,North America,1,99402.2205,2.25,48092.054,251.17635,5.435308419882235,2.2250181554016466,24.299337527710403,41.578148891237745,23.839691294936674,1545.7375181198665
Algeria,DZA.1_1,6.0,0.0,6.0,Algeria,Africa,0,203565.7801,0.75,2308025.96,20.65004,3.5828644181526164,0.19801592128378234,0.2896266755882735,1.1322995363909758,23.235495190701844,78.27363389042972
Ecuador,ECU.1_1,6.0,0.0,6.0,Ecuador,South America,0,109265.4614,1.75,248351.213,74.22851,4.867791813129148,0.6120321471903578,69.55827448508842,6.270160732051757,20.306473956596424,2563.321798342308
Galapagos,ECU.2_1,68.0,3.0,65.0,Ecuador,South America,1,,1.75,7988.527,4.55902,0.07021098172543108,0.07400207145142629,23.88735307631767,11.617718643517767,22.534844255493326,1394.180583997545
Egypt,EGY.1_1,6.0,1.0,5.0,Egypt,Africa,0,399983.728,1.25,983764.181,103.93785,4.133751002964519,0.612641620321838,0.03668183083603345,0.22150076397775156,22.476890245763336,12.664573755516365
Eritrea,ERI.1_1,3.0,0.0,3.0,Eritrea,Africa,0,1641.8752,1.75,120457.447,34.65462,5.678094554205644,0.07879517136979389,0.015477622947638086,0.6392209758180336,26.629799652343827,315.9075291046364
Western Sahara,ESH.1_1,0.0,0.0,0.0,Western Sahara,Africa,0,,,267334.936,2.1156,0.0014603230836941273,0.009780864495589764,0.0,1.2375619353340062e-05,22.8363795633841,43.00712246822116
Spain,ESP.1_1,45.0,2.0,43.0,Spain,Europe,0,1301651.166,2.5,493474.876,99.65211,29.934477571183056,2.4599451887217074,16.563416703106853,26.8996497100292,13.644260305759463,721.7160579228131
Spanish North African Territory,ESP.1_2,0.0,0.0,0.0,Spain,Africa,0,2001.106,2.5,29.227,6073.13076,1.5182186234817814,35.526315789473685,0.9446693657219972,21.896086369770583,17.804347701694656,632.1108677076256
Canary Islands,ESP.2_1,8.0,2.0,6.0,Spain,Africa,1,50671.842,2.5,7510.469,332.7613,4.320963922670893,4.16889150886306,8.86590715893703,21.533909442871035,17.767001413346104,350.35117507110186
Spanish European Islands,ESP.3_1,6.0,1.0,5.0,Spain,Europe,1,35888.93,2.5,5029.748,279.31034,25.438416362068256,6.705894212567998,14.75643950283566,35.499684511964276,17.5578943996913,588.0637852979305
Estonia,EST.1_1,10.0,0.0,10.0,Estonia,Europe,0,35630.398,2.0,45489.857,31.83999,21.533230728487414,0.9726346527801957,57.68054880309028,9.914539308017147,5.869912755625566,724.3933256355231
Ethiopia,ETH.1_1,6.0,0.0,6.0,Ethiopia,Africa,0,121060.5711,1.0,1129022.523,91.76865,20.914855356099746,0.15438444902610093,6.412270176358111,17.2733239178264,23.118643052353796,916.7923783565882
Finland,FIN.1_1,17.0,0.0,17.0,Finland,Europe,0,277370.788,2.25,336940.101,16.16954,4.5488271381630705,0.4738185665001836,64.14260256891532,11.985056687451555,2.197796019425023,744.1068285152343
Finland Islands,FIN.2_1,0.0,0.0,0.0,Finland,Europe,1,1522.594,,1506.012,21.56581,5.644454673563247,0.4990733225927586,63.959315025902555,14.949587941484056,6.229126453264424,588.8826142828774
Fiji,FJI.1_1,2.0,0.0,2.0,Fiji,Oceania,1,4918.691,1.75,18963.484,49.20226,2.225660498918895,0.971713124075692,73.00617913638516,13.101013749310582,24.00819924041202,2652.902881592448
France,FRA.1_1,66.0,1.0,65.0,France,Europe,0,2718800.744,2.25,540773.257,127.57064,38.97674531243228,5.033858765515385,23.618200919213535,18.76656954922712,10.97222837524795,976.7576452224987
French European Islands,FRA.2_1,11.0,1.0,10.0,France,Europe,1,11009.668,2.25,8743.253,42.97255,2.28839053104012,1.8985870139211114,47.82140963781962,17.075398871719297,13.291863491216043,996.5954503782222
French African Islands,FRA.3_1,4.0,1.0,3.0,France,Africa,1,25775.78,,2947.898,421.23851,1.458509516803559,1.5743561821572967,59.32778041650738,10.883794209983664,19.32933387527237,2840.6278182479355
French Antarctic Islands,FRA.4_1,0.0,0.0,0.0,France,Antarctica,1,,,7823.962,,0.0,0.0,0.0,0.0,2.632282790480037,2104.509202079999
French North American Islands,FRA.5_1,1.0,0.0,1.0,France,North America,1,,,3082.095,289.15029,1.4081604868769158,12.681907327070755,36.80093313169447,30.227064498680885,23.232637123277232,1943.7927408960406
French Polynesia,FRA.6_1,4.0,0.0,4.0,France,Oceania,1,21346.386,,4209.121,76.39524,0.0,0.0,0.0,0.0,24.72453513736243,2679.8415927793626
New Caledonia,FRA.7_1,3.0,0.0,3.0,France,Oceania,1,9704.2711,,18827.032,15.19282,0.027022937068984156,0.3676320460807133,58.68084830404047,18.95665040486365,22.047058444042737,1819.4176960695604
French Guiana,FRA.8_1,1.0,0.0,1.0,France,South America,0,5010.006,,83300.949,4.30014,0.0017264519569768174,0.06937725427111882,96.58602104907636,0.25618225761593816,25.624222293858406,2643.9877417146886
Micronesia,FSM.1_1,4.0,0.0,4.0,Micronesia,Oceania,1,409.2,2.5,774.857,129.70569,0.0,0.0,0.0,0.0,26.564099826936868,4513.096750917249
Gabon,GAB.1_1,2.0,0.0,2.0,Gabon,Africa,0,18298.127,,264549.835,11.52709,0.006596470334468969,0.13368724472438015,89.34786772415274,2.3029188900571187,24.246635295310256,2028.7330468527803
United Kingdom,GBR.1_1,113.0,1.0,112.0,United Kingdom,Europe,1,3023917.8580000005,3.0,246087.236,269.9491,28.078496633826553,5.67044437673886,5.208654517146584,10.43608934289406,9.075288210051854,1226.634298199734
Gibraltar,GBR.1_2,3.0,0.0,3.0,United Kingdom,Africa,0,,,7.208,4964.85557,0.544959128065395,41.96185286103542,2.17983651226158,12.534059945504087,17.45,806.4900024414062
British Antarctic Islands,GBR.2_1,0.0,0.0,0.0,United Kingdom,Antarctica,1,,,4096.701,,0.0,0.0,0.0,0.0,-1.834853283342023,3242.4671871195055
British African Islands,GBR.3_1,2.0,0.0,2.0,United Kingdom,Africa,1,,,411.227,8.96192,0.0,0.0,0.0,0.0,16.65558561376623,2169.2535146077475
British Oceania Islands,GBR.4_1,0.0,0.0,0.0,United Kingdom,Oceania,1,,,54.194,1.6528,0.0,0.0,0.0,0.0,22.850000435197856,1903.8366183428698
Falkland Islands,GBR.5_1,0.0,0.0,0.0,United Kingdom,South America,1,,,12397.371,0.19809,0.0,0.02074363490714478,0.4214618527604592,0.033311837233238384,6.490214439734662,638.8398786882444
British North American Islands,GBR.6_1,8.0,0.0,8.0,United Kingdom,North America,1,,,1689.807,151.1382,0.4384614354758813,3.090651065026174,10.51035572275849,16.144752520316494,25.732538967663636,1235.147240502365
British Asian Islands,GBR.7_1,0.0,0.0,0.0,United Kingdom,Asia,1,,,64.448,,0.0,0.0,0.0,0.0,26.416666764479416,2941.657692933694
Georgia,GEO.1_1,7.0,0.0,7.0,Georgia,Asia,0,21652.9449,2.0,69844.613,55.25126,15.838445463996978,1.7696592889914189,43.97658678639224,7.1270386021900265,7.606523801467932,1531.3941966799803
Ghana,GHA1_1,4.0,0.0,4.0,Ghana,Africa,0,,,239474.164,139.4057,11.655100254704173,1.760603523861886,21.026128015695804,31.092613178256055,27.160116391700548,1235.539620422034
Guinea,GIN.1_1,2.0,0.0,2.0,Guinea,Africa,0,17342.1067,1.0,244816.174,50.57499,2.0337822399418526,0.5593881996100604,12.476636382921201,61.60649102347416,25.817690704498588,1788.5315821681816
Gambia,GMB.1_1,2.0,0.0,2.0,Gambia,Africa,0,2048.157,0.0,10670.505,228.04936,35.8101081588245,2.485984220990128,4.970752801774393,21.330617666788598,27.785466262990035,811.639446180852
Guinea-Bissau,GNB.1_1,2.0,0.0,2.0,Guinea-Bissau,Africa,0,1786.7585,0.0,32340.752,57.57543,5.427137962328993,0.49148685678595666,28.820834732275465,49.50180555168657,27.54556532423014,1485.1505583170087
Guinea-Bissau African Islands,GNB.2_1,0.0,0.0,0.0,Guinea-Bissau,Africa,1,,0.0,1541.527,23.54473,1.920273928232654,0.13573020536905506,56.54474084013912,8.595732210474361,26.217619859393842,1814.0657308777152
Equatorial Guinea,GNQ.1_1,0.0,0.0,0.0,Equatorial Guinea,Africa,0,11899.8043,0.0,24987.763,37.28872,0.012601044626599545,0.4692435156720646,96.2721263438893,1.4157758293547151,23.391004576866106,2907.653630471169
Equatorial Guinea Islands,GNQ.2_1,0.0,0.0,0.0,Equatorial Guinea,Africa,1,,0.0,1971.649,186.44357,0.012266401712389678,2.53178531343723,90.34634185234933,2.7936729899967494,22.72443771651047,4037.040522327885
Greece,GRC.1_1,26.0,1.0,25.0,Greece,Europe,0,201779.192,,124206.368,80.95135,22.98027559401338,3.052538044239904,36.06366543573602,15.931412662689718,14.13098900138454,737.0325175672178
Greece European Islands,GRC.2_1,7.0,0.0,7.0,Greece,Europe,1,10270.188,,8372.346,77.32556,16.759490665162804,3.757561366537057,9.939271615564987,14.617078745065447,16.68520428232423,751.0469080421466
Grenada,GRD.1_1,2.0,0.0,2.0,Grenada,North America,1,1184.2015,0.75,359.531,286.43916,2.0693973045111544,7.457079777243219,41.17705209740666,40.12917257060006,25.455568379979677,1894.0540629871487
Guatemala,GTM.1_1,2.0,0.0,2.0,Guatemala,North America,0,88290.27050000001,2.0,109144.78,166.66022,31.49113280922079,1.0534758414701244,43.44700512081805,19.910277407498306,22.491209980717073,2214.2970741233344
Guam,GUM.1_1,15.0,1.0,14.0,Guam,Oceania,1,6293.2,,549.794,300.1592,0.0,0.0,0.0,0.0,26.5287107041572,2616.379456023941
Guyana,GUY.1_1,2.0,0.0,2.0,Guyana,South America,0,10112.8554,2.0,209744.067,3.57877,0.03676927678670005,0.08827848271242772,88.80393644708678,0.8764044284454398,25.08811085978671,2270.210337955025
Honduras,HND.1_1,3.0,0.0,3.0,Honduras,North America,0,28441.0683,0.75,112058.034,84.8914,20.096530088300074,0.593098753489493,42.72280664024583,28.097029663201162,23.234262191778317,1838.724074855077
Honduran Islands,HND.2_1,0.0,0.0,0.0,Honduras,North America,1,,0.75,231.708,358.99296,0.0,18.6887716654107,12.499372017081134,5.6870133132378795,26.184275825958792,2000.6371004893167
Croatia,HRV.1_1,25.0,1.0,24.0,Croatia,Europe,0,68806.0372,2.5,57078.573,73.98594,28.06886094176434,3.1626094411994496,45.63005303430454,13.472316974873259,11.688006383794765,1159.9662430334727
Haiti,HTI.1_1,2.0,0.0,2.0,Haiti,North America,1,18101.222,,27107.104,544.47387,3.301563515295442,1.7891000527027627,5.8199936079380095,43.369124647325386,24.46742586596967,1286.902540542588
Hungary,HUN.1_1,31.0,0.0,31.0,Hungary,Europe,0,178562.892,2.5,93039.709,102.66981,65.04844353808433,5.283314165855403,19.522653569479512,7.122527214802149,10.853349681376654,621.5049178824135
Indonesia,IDN.1_1,5.0,0.0,5.0,Indonesia,Asia,1,1210982.365,1.25,1890242.928,151.24066,5.223320468949008,1.6787797760625265,77.86564071283522,9.821064214505297,24.772934816066936,3238.2777606715413
India,IND.1_1,11.0,0.0,11.0,India,Asia,0,3012459.4,1.75,3143736.435,450.66712,59.116144186853106,2.1704773572489584,16.99452718425269,7.51581665490132,23.541640226973573,1351.2408973542342
Indian Asian Islands,IND.2_1,1.0,0.0,1.0,India,Asia,1,1369.9381,1.75,7645.718,61.95162,1.2175585744185287,0.37726291713733895,80.21638234695446,3.504753854592182,26.74214287998912,2910.379363839286
Ireland,IRL.1_1,58.0,0.0,58.0,Ireland,Europe,1,483940.584,2.0,70266.242,76.76833,7.177408420578504,1.753692289558749,5.65210517589083,7.25945756273091,9.690008972413958,1343.4502782933348
Iran,IRN.1_1,8.0,1.0,7.0,Iran,Asia,0,355625.961,1.25,1621745.291,50.46918,12.023500532601984,0.7333700178597314,1.2035009242804726,0.8205632770729584,17.563548019679317,313.5864520543964
Iraq,IRQ.1_1,6.0,0.0,6.0,Iraq,Asia,0,232341.9928,1.5,436454.491,105.28532,31.493976434064557,0.8829072791533655,0.051140368113071225,0.8222424347586798,22.519264392173795,233.92656960747408
Iceland,ISL.1_1,12.0,0.0,12.0,Iceland,Europe,1,26366.204,,102224.092,3.4482,0.39610921244743563,0.0879921807696932,0.0957643927407135,0.21605127957512854,1.181938659165295,1668.219537519545
Israel,ISR.1_1,21.0,0.0,21.0,Israel,Asia,0,467199.4440000001,2.0,22158.653,403.9339,26.381329695247945,7.12782363086226,1.0082114332917576,2.174426849444576,19.701666784346305,351.09746206669973
Italy,ITA.1_1,50.0,1.0,49.0,Italy,Europe,0,1902108.576,2.0,250912.018,223.71727,27.69716917505251,7.240705865130918,32.38793889182919,15.840936190848067,11.822709692260409,1008.7504915515673
Sicily and Sardinia,ITA.2_1,16.0,2.0,14.0,Italy,Europe,1,142400.282,2.0,49821.676,134.45293,23.909132433393175,4.857784284348036,10.742809532214281,18.568876952137675,15.670959774547654,673.4113028332081
Jamaica,JAM.1_1,6.0,1.0,5.0,Jamaica,North America,1,16164.3781,2.0,11000.034,251.46026,2.858115860782639,4.747179973489393,45.459089313501025,35.6522604745713,24.86401330471391,1670.2211168738881
Jordan,JOR.1_1,3.0,0.0,3.0,Jordan,Asia,0,46846.3857,1.25,89194.61,80.65001,4.498339122827542,0.9972953359809802,0.01958702488356149,0.2019409448286759,18.862783703989074,123.30744944560556
Japan,JPN.1_1,73.0,26.0,47.0,Japan,Asia,1,5253140.210000001,2.0,372467.766,339.15267,6.853894233283294,10.3302606262306,75.79056747418696,5.018866427472783,11.311526188249568,2075.458547462282
Kazakhstan,KAZ.1_1,3.0,0.0,3.0,Kazakhstan,Asia,0,207600.0054,1.5,2730534.14,6.58815,9.595939395199618,0.19148306698460782,0.930002127721959,0.7429371266378523,6.537441967411064,275.2754800167242
Kenya,KEN.1_1,12.0,0.0,12.0,Kenya,Africa,0,106645.4336,1.75,585983.764,94.2605,13.382738743351192,0.32652711981616894,3.8528754094061126,8.913891866133321,25.080967057687264,677.4319070946282
Kyrgyzstan,KGZ.1_1,4.0,0.0,4.0,Kyrgyzstan,Asia,0,10602.6874,1.25,197448.549,28.991,2.8776616804121833,0.7887830591335743,2.752722476081488,1.502363990874199,0.195641903826385,722.6452190609625
Cambodia,KHM.1_1,3.0,0.0,3.0,Cambodia,Asia,0,38124.7548,1.0,181696.912,110.55283,45.85819741935173,0.9397503634159085,41.395575654117735,8.528422446013728,27.145613402970017,1960.1467749998656
Kiribati,KIR.1_1,1.0,0.0,1.0,Kiribati,Oceania,1,255.8998,1.75,1012.082,158.68404,0.0,0.0,0.0,0.0,26.685903829128588,1580.4632657432237
Saint Kitts and Nevis,KNA.1_1,1.0,0.0,1.0,Saint Kitts and Nevis,North America,1,977.4659,,267.121,226.91165,1.1839708561020037,7.246942492844132,31.18657298985168,40.25067221788534,25.212804811756786,1325.0567087313025
South Korea,KOR.1_1,29.0,4.0,25.0,South Korea,Asia,0,1688641.26,1.75,98674.511,541.24836,17.279055732133177,7.734056893508804,59.053389529355,11.26028115216403,12.026834865656223,1444.6978150846421
South Korean Islands,KOR.2_1,1.0,0.0,1.0,South Korea,Asia,1,17243.532,1.75,1863.116,306.91789,5.687028102597651,14.182135361299645,56.70891596478317,21.68070433668602,14.774614143150824,2196.0647744072808
Kuwait,KWT.1_1,2.0,0.0,2.0,Kuwait,Asia,0,149601.2501,0.0,17428.292,207.06828,2.173129487591712,3.023709132638517,0.0,0.15450717862719582,25.83084164334256,122.14836773805486
Laos,LAO.1_1,2.0,0.0,2.0,Laos,Asia,0,17572.2912,2.0,229872.374,34.39217,10.372347062873686,0.41965770515002676,81.05246211440168,6.999776492636835,22.75477230830723,2075.038847924477
Lebanon,LBN.1_1,2.0,0.0,2.0,Lebanon,Asia,0,36468.794,0.75,10238.057,979.40566,16.075453392780027,10.232764961419464,7.33345690673429,11.041053318635987,14.434956856310418,917.5350612212515
Liberia,LBR.1_1,2.0,0.0,2.0,Liberia,Africa,0,3649.9639,0.5,95918.088,47.65901,0.016918324654115646,0.4815698197169268,92.15411439096792,5.916493760049962,24.95507452381657,2363.864961740093
Libya,LBY.1_1,2.0,0.0,2.0,Libya,Africa,0,47933.9077,0.5,1616058.327,4.47488,1.5227057255996437,0.09998154103618737,0.0007942790035641533,0.14259046435028122,22.00808969529874,31.277808383777504
Saint Lucia,LCA.1_1,4.0,0.0,4.0,Saint Lucia,North America,1,2046.9407,1.25,614.43,284.08619,0.8272692454998084,7.6675603217158175,57.69436997319035,28.182688625047874,25.766107392791135,2155.6488553245595
Liechtenstein,LIE.1_1,2.0,0.0,2.0,Liechtenstein,Europe,0,6921.3685,0.75,159.484,242.35316,7.84487246225924,9.411764705882353,41.02550754815201,19.146277980218635,5.674632372225032,1523.7761046465705
Sri Lanka,LKA.1_1,8.0,2.0,6.0,Sri Lanka,Asia,1,84086.0672,1.5,65837.403,330.22805,16.083027792608178,2.797829473709939,58.42463378433765,19.22897396138194,26.456724671930555,1713.3996382200119
Lesotho,LSO.1_1,3.0,0.0,3.0,Lesotho,Africa,0,2265.8356,1.0,30545.275,60.78707,9.083570272115411,0.4624934299012418,0.013148848074403103,0.40827173271021633,10.697720391046461,946.6606416591477
Lithuania,LTU.1_1,22.0,0.0,22.0,Lithuania,Europe,0,65484.55,1.75,65016.842,43.09053,47.93313227230544,2.0723109620323177,36.08964889320545,8.46404759760874,6.879252465770126,712.1960047455821
Luxembourg,LUX.1_1,10.0,0.0,10.0,Luxembourg,Europe,0,79314.162,0.75,2581.554,227.42208,30.161061773939384,7.8286283180435605,33.158142262072,18.891623810512687,8.925350430352642,914.7647398520267
Latvia,LVA.1_1,15.0,0.0,15.0,Latvia,Europe,0,38513.982,2.0,64710.103,40.87672,25.637635445319546,0.9273419885114492,54.655241696539456,13.355065823116243,6.350989983889386,729.13699131271
Morocco,MAR.1_1,13.0,1.0,12.0,Morocco,Africa,0,133532.9999,0.75,413477.273,87.67239,19.641403512310934,0.6128666163590246,0.8669704731622977,6.4774076728025305,18.11213786585543,301.55150719485795
Monaco,MCO.1_1,0.0,0.0,0.0,Monaco,Europe,0,8306.6513,0.0,2.355,13336.42839,0.0,34.73282442748092,0.0,0.38167938931297707,15.799999713897707,817.1499938964844
Moldova,MDA.1_1,8.0,0.0,8.0,Moldova,Europe,0,13601.868,1.25,33907.87,110.15444,76.97211350173939,4.876946884373831,7.427337911409579,5.107651613124036,9.870781143271923,559.3011436213643
Madagascar,MDG.1_1,6.0,1.0,5.0,Madagascar,Africa,1,14527.1347,1.5,591446.366,47.28228,4.770896483084554,0.22957650003466223,15.632685251142057,16.725983412667492,22.381149042321596,1629.950956375903
Maldives,MDV.1_1,2.0,0.0,2.0,Maldives,Asia,1,5491.8338,1.25,299.684,2221.24377,2.2813381700927047,0.07255139056831923,0.5521966948810964,1.3502619911326077,27.077218275803787,1845.7878717727208
Mexico,MEX.1_1,10.0,1.0,9.0,M√©xico,North America,0,1398264.8059999999,2.25,1951230.549,70.56945,11.567167956843686,0.9822912349815236,21.32660590331168,15.663667393922388,20.45867441089683,818.8395742372351
Marshall Islands,MHL.1_1,1.0,0.0,1.0,Marshall Islands,Oceania,1,249.26,,300.283,191.39602,0.0,0.0,0.0,0.0,26.81899469258399,2526.3645294018966
North Macedonia,MKD.1_1,10.0,0.0,10.0,North Macedonia,Europe,0,13732.7435,0.25,24909.984,84.7115,19.401115887679502,1.9109485045275771,34.615018750571664,19.654038232872953,10.776887132416727,743.479450746589
Mali,MLI.1_1,3.0,0.0,3.0,Mali,Africa,0,18699.4448,0.5,1251195.726,18.39349,6.653470702366684,0.24485877707157744,0.0879506208593418,5.017452460322678,28.428068993036938,299.6051970361253
Malta,MLT.1_1,14.0,1.0,13.0,Malta,Europe,1,18796.1798,1.5,323.368,1349.45499,40.4368754569827,33.07031440409457,0.0,1.8005118206190593,18.709829028855022,567.2623922885992
Myanmar,MMR.1_1,3.0,0.0,3.0,Myanmar,Asia,0,69885.436,1.25,669297.41,72.85001,24.284866216181065,0.6825060647389519,64.30085170108528,7.202421807040093,23.274120464176143,2426.1710455634934
Montenegro,MNE.1_1,10.0,1.0,9.0,Montenegro,Europe,0,5986.7747,1.5,13336.641,45.79956,10.741328868038323,1.2901455581518133,41.506111268765004,19.44442767275345,8.957750210606761,2099.648811926208
Mongolia,MNG.1_1,5.0,0.0,5.0,Mongolia,Asia,0,16055.4751,0.75,1566250.224,2.06289,0.881652978658678,0.015346991042449997,6.470805492583779,0.1900170594896786,0.954723537927412,235.67227281722467
Mozambique,MOZ.1_1,7.0,0.0,7.0,Mozambique,Africa,0,17150.7969,0.5,787460.646,39.68262,4.927539808874788,0.45072603260121286,23.880463461961263,51.93249455967303,23.73086043259775,990.579515501048
Mauritania,MRT.1_1,0.0,0.0,0.0,Mauritania,Africa,0,9117.5459,0.5,1041174.279,4.19133,0.20687616919013257,0.028326368548524623,9.826446073725008e-06,0.046438692317082864,27.284691007190133,91.13607424418886
Mauritius,MUS.1_1,8.0,3.0,5.0,Mauritius,Africa,1,12980.2613,2.25,2027.41,637.70397,0.0,1.7039421569784101,33.28389485334187,3.6449642975522334,22.845073506715615,1717.8309492521166
Malawi,MWI.1_1,7.0,0.0,7.0,Malawi,Africa,0,12068.1038,2.5,117926.93,163.66423,26.510047142696102,1.659561737267016,9.111270506212591,25.249174320148832,21.966571833854836,1152.8768311656363
Malaysia,MYS.1_1,6.0,0.0,6.0,Malaysia,Asia,1,376745.9439,1.0,329578.762,105.44504,2.481641406435798,2.1396963990925078,85.9127728378836,7.24794934563055,25.256339059005818,3283.1416279939085
Namibia,NAM.1_1,1.0,0.0,1.0,Namibia,Africa,0,12089.2918,1.0,824048.014,2.90424,0.8589446679874508,0.030074744280557505,0.07240115311675113,5.461302755154707,21.218987001497897,276.1984301190754
Niger,NER.1_1,3.0,0.0,3.0,Niger,Africa,0,14760.4469,1.0,1183670.988,19.83546,7.126538131342451,0.04072864438381585,0.0005381005408340135,0.09328964113196003,27.065760126773704,127.11500498681374
Nigeria,NGA.1_1,8.0,0.0,8.0,Nigeria,Africa,0,437759.9516,0.75,908410.135,238.44174,38.59274726807227,2.1471052314566816,11.656692026011681,20.746862186053484,26.902958261566937,1218.2020884518136
Nicaragua,NIC.1_1,3.0,0.0,3.0,Nicaragua,North America,0,14600.7549,0.5,128178.853,54.29124,34.03959217958525,0.3402252698232641,22.499637445228416,25.482137919799474,25.18856305618847,2314.3498653744623
Niue,NIU.1_1,2.0,0.0,2.0,Niue,Oceania,1,,1.75,266.67,5.18761,0.0,0.0,0.0,0.0,24.882432834522145,2954.9645636847786
Netherlands,NLD.1_1,59.0,1.0,58.0,Netherlands,Europe,0,995437.936,2.0,37686.935,472.10115,47.183435711470025,11.452444309011558,9.448725327226155,12.965232301457736,10.07262612713337,877.3515843608786
Dutch North American Islands,NLD.2_1,0.0,0.0,0.0,Netherlands,North America,1,,,75.797,550.87667,0.07630093087135663,17.121928887532427,13.24584159926751,28.231344422401953,25.666128876388715,1186.9784959362398
Dutch South American Islands,NLD.3_1,0.0,0.0,0.0,Netherlands,South America,1,,,905.554,350.00955,2.745621263849102,13.274208949757355,0.014388677418932884,2.7822469881882044,26.432612742868827,602.6586930065278
Norway,NOR.1_1,25.0,0.0,25.0,Norway,Europe,0,424069.624,2.5,325121.232,15.35878,1.6974084257651623,0.3798977529213885,30.048664360579107,9.47288443601498,1.756335133413785,1583.9893212623729
Norway Antarctic Islands,NOR.2_1,0.0,0.0,0.0,Norway,Antarctica,1,,,77.573,,0.0,0.0,0.0,0.0,-1.585294120841556,2471.6745054955577
Norway European Islands,NOR.3_1,0.0,0.0,0.0,Norway,Europe,1,176.0,2.5,60343.331,0.06118,0.03569349618299196,9.643336804934583e-05,0.010300837041634668,0.05514235318458048,-9.0307015049066,630.978712618116
Nepal,NPL.1_1,4.0,0.0,4.0,Nepal,Asia,0,37327.1389,0.75,147662.638,279.68649,16.35280531556743,0.6536333274511431,41.10308822234534,13.919223637853236,12.504046892841576,2171.5044735521055
Nauru,NRU.1_1,0.0,0.0,0.0,Nauru,Oceania,1,147.1777,1.0,22.151,463.6974,0.0,0.0,0.0,0.0,27.061999282836915,2329.7
New Zealand,NZL.1_1,152.0,4.0,148.0,New Zealand,Oceania,1,235756.22000000003,3.0,268709.442,18.84195,8.180609876088782,0.6273106262537422,34.209642737421476,7.972563667984263,9.869967572356744,1788.7383217164652
Cook Islands,NZL.2_1,3.0,1.0,2.0,New Zealand,Oceania,1,,1.75,283.023,67.39356,0.0,0.0,0.0,0.0,24.68885708945138,2842.1091476004462
Oman,OMN.1_1,3.0,1.0,2.0,Oman,Asia,0,94409.7789,1.0,309136.637,12.42713,0.29257379451841103,0.26598018280188707,0.0385096942931769,0.16942870077170682,27.654590158766418,68.1388002577075
Pakistan,PAK.1_1,6.0,0.0,6.0,Pakistan,Asia,0,336530.8654,0.5,874186.258,266.77075,24.90132054912709,1.0901243055387195,1.2937149354055284,3.9065178729137298,19.825318126635906,414.2724856680808
Panama,PAN.1_1,4.0,0.0,4.0,Panama,North America,0,70765.9048,1.25,75452.349,55.11699,20.575866720835894,0.693659373621218,54.02741729372627,18.718781357612496,24.515645595907337,3267.80985226318
Peru,PER.1_1,5.0,0.0,5.0,Peru,South America,0,234040.39709999997,1.75,1292462.595,27.79137,1.0371515011960475,0.1559931721733994,58.23940204767792,2.0879976407344443,18.46182966065974,1881.2849953992666
Philippines,PHL.1_1,6.0,0.0,6.0,Philippines,Asia,1,394832.33,1.0,295856.809,378.4445,18.858793483918575,1.9168913043991689,56.56006827177717,17.781861360240462,25.428062548976108,2774.044659726287
Palau,PLW.1_1,12.0,1.0,11.0,Palau,Oceania,1,262.8251,0.5,484.17,58.35682,0.0,0.6574866641855849,59.933010792705616,6.363974692966134,26.789436813811182,3934.934863023355
Papua New Guinea,PNG.1_1,8.0,0.0,8.0,Papua New Guinea,Oceania,1,27417.0016,0.0,463612.817,19.87822,0.09111766775107576,0.03319386580266928,88.8754297728342,5.742066402629783,23.164941973957077,3299.475366703887
Poland,POL.1_1,29.0,0.0,29.0,Poland,Europe,0,675567.9419999999,2.5,312400.072,126.52906,49.87704210973868,4.400650089463736,30.89343240742965,10.819459208945188,8.28496359017278,646.5318572238931
North Korea,PRK.1_1,1.0,0.0,1.0,North Korea,Asia,0,,,122706.36,193.63065,25.063960918408597,2.147925829845252,55.70198260445142,8.220879863960828,6.867833926610004,1061.112284116951
Portugal,PRT.1_1,30.0,3.0,27.0,Portugal,Europe,0,233502.202,2.5,88756.339,115.35961,10.3752837695685,5.394855304311946,11.58820895407349,37.902322980106014,15.014570079576666,920.8792364191821
Azores,PRT.2_1,27.0,1.0,26.0,Portugal,Europe,1,5122.578,2.5,2322.885,107.12523,16.402566600487507,2.9632644001331805,25.80206265234566,24.17759033866466,16.013704976415248,1362.8605112569812
Madeira,PRT.3_1,22.0,1.0,21.0,Portugal,Africa,1,5787.908,2.5,798.809,338.46021,2.755794595978999,9.784863618901268,41.937508003585606,26.612882571391985,15.690710381297682,2213.096630603672
Paraguay,PRY.1_1,2.0,0.0,2.0,Paraguay,South America,0,39643.5182,,399285.302,19.39002,10.77462769432136,0.22022998603538763,35.59706472060851,19.969214256674103,23.561874539939875,1307.813028325622
Palestine,PSE.1_1,0.0,0.0,0.0,Palestine,Asia,0,17592.0,,6219.961,923.92461,14.19027896696601,10.066506043288664,0.10022367800986307,1.8936301547161547,19.20432894311562,559.6240265003564
Qatar,QAT.1_1,2.0,0.0,2.0,Qatar,Asia,0,189845.3551,0.75,11583.407,580.01992,1.7818972209872952,3.637921669701586,0.0010427103644462309,0.14313569548307348,26.99220258978833,93.90185901355629
Romania,ROU.1_1,33.0,0.0,33.0,Romania,Europe,0,287483.8573,1.0,238338.599,143.28579,46.52746052669714,3.3929014558005703,30.869309769268813,11.678000246762174,9.477502334041237,692.9534778826073
Russia Europe,RUS.1_1,21.0,0.0,21.0,Russia,Europe,0,1018877.646,1.5,3950233.428,23.85213,18.026210746103665,0.9045929199717134,45.32223191074831,6.799505638682927,2.30352286115311,675.4284627982647
Russia Asia,RUS.1_2,28.0,0.0,28.0,Russia,Asia,0,424912.1948,1.5,12975589.42,2.32084,1.2911637776395675,0.07893220634997722,46.26842945502203,6.295566598940039,-7.244564074296544,571.0716374122219
Rwanda,RWA.1_1,3.0,0.0,3.0,Rwanda,Africa,0,11801.3796,1.5,25279.224,596.84885,48.49370715711202,1.786440371129024,6.88244819102618,14.990850126460305,19.194050033580943,1222.1556558460702
Saudi Arabia,SAU.1_1,5.0,1.0,4.0,Saudi Arabia,Asia,0,924629.28,1.25,1923014.675,18.4179,1.0977851672295245,0.3052359669691407,0.003363866726211344,0.08286476483376802,25.428488352386562,89.64126867942063
Sudan,SDN.1_1,6.0,0.0,6.0,Sudan,Africa,0,50906.913,1.5,1872128.426,22.60053,9.50351288210465,0.11299368464621341,0.018946514982446077,2.757262277178591,26.80633681669675,214.9338979853709
Senegal,SEN.1_1,4.0,0.0,4.0,Senegal,Africa,0,26784.6211,1.5,196889.705,84.15079,19.63881301748509,0.5239013710055779,6.563341326124115,13.987976339176171,28.62117360132406,647.5664091711143
Singapore,SGP.1_1,2.0,0.0,2.0,Singapore,Asia,1,432080.7264,1.0,697.025,6758.76582,2.628652837138191,43.52305500538587,19.720977101358628,9.38184092567497,26.83940912584953,2428.1518527627577
Solomon Islands,SLB.1_1,3.0,0.0,3.0,Solomon Islands,Oceania,1,1575.5552,1.5,28532.825,23.47992,0.022193311716180688,0.0773619410295599,91.41018148591144,1.257593028363388,25.383754181441027,3783.0406321724113
Sierra Leone,SLE.1_1,3.0,0.0,3.0,Sierra Leone,Africa,0,6781.6787,,72601.14,94.72597,0.896811843633433,0.7523660183273894,40.97405867187411,46.132996117028185,25.62520515659928,2633.852972514776
El Salvador,SLV.1_1,2.0,0.0,2.0,El Salvador,North America,0,29370.002,2.25,20422.749,331.60952,42.48869866390786,2.412162711559455,23.204891104079554,28.097552198938118,25.697672901161322,1608.0069158568044
San Marino,SMR.1_1,0.0,0.0,0.0,San Marino,Europe,0,1700.6794,,61.215,538.69308,14.44332998996991,16.306061040263646,16.83622295457802,36.53818598653102,13.511000003814697,871.4649981689453
Somalia,SOM.1_1,3.0,0.0,3.0,Somalia,Africa,0,9587.7399,0.75,633532.058,17.3734,1.696571064016028,0.04484103017663516,0.37868859330146154,3.8908335230341895,26.35979490034992,321.9484589754625
Serbia,SRB.1_1,16.0,0.0,16.0,Serbia,Europe,0,64807.7642,1.75,78231.645,92.92782,41.57158402718867,3.3654831926860744,35.167968161945595,15.583948567372428,10.78238128491946,757.0347047120247
South Sudan,SSD.1_1,1.0,0.0,1.0,South Sudan,Africa,0,14245.0528,,628102.11,26.54861,0.6568772712886318,0.029915349563757278,7.733786324265176,30.40292328488708,27.32147098708913,1034.3906339528974
Sao Tome and Principe,STP.1_1,2.0,0.0,2.0,S√£o Tom√© and Pr√≠ncipe,Africa,1,525.6788,0.5,1002.234,216.62713,0.15228058301708927,0.02417152111382369,82.77537405428924,5.258514418312344,24.499957363522164,1529.4353817210479
Suriname,SUR.1_1,1.0,0.0,1.0,Suriname,South America,0,3456.5042,0.75,146425.55,4.34017,0.006378182490280079,0.13175526261939496,94.1068729248216,0.5577072868053309,25.79020753529741,2108.518146341786
Slovakia,SVK.1_1,28.0,0.0,28.0,Slovakia,Europe,0,115878.238,1.25,49095.707,112.05889,37.42763013368933,4.684138520300476,43.79680180520867,11.19866925906743,8.193549630034548,775.2743233693809
Slovenia,SVN.1_1,30.0,1.0,29.0,Slovenia,Europe,0,59646.728,2.25,19956.762,109.22386,18.281546569956618,3.3108646285249455,63.09924078091106,10.947159707158352,9.424009980279074,1535.6841988205686
Sweden,SWE.1_1,42.0,0.0,42.0,Sweden,Europe,0,532235.25,1.75,446865.065,21.16913,5.3609204208516,0.687414741143633,57.80966562769078,13.07816524203336,2.995545869977002,844.3532843836952
Sweden European Islands,SWE.2_1,0.0,0.0,0.0,Sweden,Europe,1,41229.356,1.75,3182.214,17.83888,26.639471174292,1.2605441025281072,46.86205857215407,17.624702205229628,7.701514741334768,579.0974803983454
Swaziland,SWZ.1_1,4.0,0.0,4.0,Swaziland,Africa,0,4515.299,1.75,17383.258,62.98211,28.30078541246498,0.5273581904576792,16.01092715169704,33.89241967912273,19.488211803066942,826.0010101976605
Seychelles,SYC.1_1,7.0,1.0,6.0,Seychelles,Africa,1,1787.5669,1.25,491.2,207.55318,0.9544787077826725,0.07831620166421928,5.403817914831131,7.941752325012237,25.77517382303874,1945.9817746480305
Syria,SYR.1_1,6.0,1.0,5.0,Syria,Asia,0,18820.9225,0.5,186917.563,144.05777,44.915900370164266,1.635244374983311,0.6053337743616677,0.74008335158367,18.41999634630874,283.7647497186369
Chad,TCD.1_1,1.0,0.0,1.0,Chad,Africa,0,11871.2923,0.0,1269963.003,12.85597,3.5985070875200362,0.03693808051805215,0.5454772177872865,5.954716406506547,26.648963212457545,299.8367860034555
Togo,TGO.1_1,5.0,0.0,5.0,Togo,Africa,0,8015.1932,0.75,56904.461,150.97732,29.632480503949736,1.100558353404861,14.424213841774602,32.48048289568982,26.719115874853053,1219.6884856830604
Thailand,THA.1_1,8.0,0.0,8.0,Thailand,Asia,0,512261.799,1.0,513939.556,146.68442,43.032182596965754,4.055547520745727,42.299057744207424,8.708336858037644,26.16700187481261,1649.5135220465063
Tajikistan,TJK.1_1,1.0,0.0,1.0,Tajikistan,Asia,0,9629.3419,1.0,142113.451,66.60343,9.20056246504953,1.2421605880747837,0.7843383283977889,0.6144446059798809,-0.222072804506466,645.7998141944169
Tokelau,TKL.1_1,1.0,0.0,1.0,Tokelau,Oceania,1,,,15.667,77.80416,0.0,0.0,0.0,0.0,27.093749403953552,3443.2937469482426
Turkmenistan,TKM.1_1,3.0,0.0,3.0,Turkmenistan,Asia,0,52131.8286,2.0,489598.027,20.14512,9.112794961930271,0.5522291667786855,0.0017865194790462945,0.03860963456657332,16.240483847729976,160.08989966663813
Timor-Leste,TLS.1_1,0.0,0.0,0.0,Timor-Leste,Asia,1,2621.714,1.0,14915.478,94.18322,1.9303441526484426,0.28717522184426386,40.64424553682177,41.83565741609739,23.94415429176771,1365.634292317312
Tonga,TON.1_1,3.0,0.0,3.0,Tonga,Oceania,1,503.4353,1.75,763.418,141.47053,0.03586211018633355,0.08517251169254217,17.239215217488756,8.826561869611345,24.327450065894173,2286.0635410063637
Trinidad and Tobago,TTO.1_1,3.0,0.0,3.0,Trinidad and Tobago,South America,1,25301.1009,1.5,5159.132,269.11181,1.4239380526884802,7.693978063407286,54.139215124606125,24.509106365677642,25.81228222413073,2087.009181205679
Tunisia,TUN.1_1,6.0,1.0,5.0,Tunisia,Africa,0,44863.814,1.0,154868.624,79.20599,17.78261166351908,1.8785345351592593,0.8379452807312373,5.1715722444521735,19.9483070309977,240.38718141039772
Turkey,TUR.1_1,11.0,1.0,10.0,Turkey,Asia,0,863046.36,1.0,780704.358,104.5284,27.455388976691392,1.5834894441282676,16.73462108608065,9.069999544797524,11.04934117363175,740.3722736909517
Tuvalu,TUV.1_1,2.0,0.0,2.0,Tuvalu,Oceania,1,57.4825,1.25,41.726,365.26811,0.0,0.0,0.0,0.0,27.178888617621528,3191.711111111111
Taiwan,TWN.1_1,8.0,2.0,6.0,Taiwan,Asia,1,747564.0,,36406.335,673.14636,10.90832789046715,11.43542115575957,63.21716120447068,10.109264266922228,19.645103424903624,3099.3867958581022
Tanzania,TZA.1_1,4.0,0.0,4.0,Tanzania,Africa,0,70516.6952,1.25,937853.646,59.13574,20.65560697658929,0.5735810259464351,18.673236412427435,31.917994010442783,22.50907376651005,986.5735989798264
Tanzanian Islands,TZA.2_1,0.0,0.0,0.0,Tanzania,Africa,1,,1.25,2675.423,618.39527,2.9244798471755407,3.885940329978284,38.50933076223001,36.674716382673886,25.96951617180485,1625.19630651222
Uganda,UGA.1_1,7.0,0.0,7.0,Uganda,Africa,0,41562.5202,1.0,241440.002,178.47373,26.539059187379937,0.7358309033733921,7.247408077555445,20.54072866953205,22.797587840700764,1309.5392870015476
Ukraine,UKR.1_1,10.0,0.0,10.0,Ukraine,Europe,0,170202.6344,2.25,601362.646,74.49122,60.517325436305256,3.382341491007703,15.730080023957278,8.510449698038498,8.574915607697251,608.2858744999307
Uruguay,URY.1_1,4.0,0.0,4.0,Uruguay,South America,0,64811.455,1.75,177598.801,19.60867,15.76860280218165,0.3903135746199024,6.666421866953121,5.749326551383652,17.382885135320812,1300.4655051502923
United States,USA.1_1,276.0,9.0,267.0,United States,North America,0,23616342.4,3.0,7948777.656,42.78217,17.94214589294464,1.7524860879764157,26.746373379743694,12.45769402407501,11.365674824749338,822.2261703200912
Alaska,USA.1_2,8.0,0.0,8.0,United States,North America,0,59482.72,3.0,1507386.309,0.40109,0.002317759311102024,0.01196375412081536,21.31688874703151,10.423839697690603,-4.51209337769406,1029.0917243461101
Hawaii,USA.2_1,179.0,13.0,166.0,United States,Oceania,1,96033.32,3.0,16724.291,93.41114,0.716804895943505,2.0781352727629114,35.24057066708047,13.974564724106342,18.80384947500336,1968.218654626156
US North American Islands,USA.3_1,6.0,1.0,5.0,United States,North America,1,,,9332.634,407.79859,2.0502050205020503,12.392967691830911,36.30264260994001,33.96129736430433,24.93632202075276,1881.4428121124313
US Oceania Micronesia Islands,USA.4_1,3.0,0.0,3.0,United States,North America,1,,,47.268,0.0,0.4391314954867041,0.0,0.19516955354964624,3.2202976335691633,25.332692843217117,1739.1172896165115
US Polynesian Islands,USA.5_1,4.0,0.0,4.0,United States,Oceania,1,725.6,,204.246,270.26185,0.0,0.0,0.0,0.0,25.780645201283114,5506.4144995904735
US Oceania Micronesia Islands,USA.6_1,3.0,0.0,3.0,United States,Oceania,1,,,504.131,79.90789,0.0,0.0,0.0,0.0,26.17388058499515,2218.1331641353777
Uzbekistan,UZB.1_1,2.0,0.0,2.0,Uzbekistan,Asia,0,80552.9323,,447555.715,74.12436,12.892437648544796,1.8991480724424308,0.20145931253240534,0.1557771175064876,13.0769045896386,225.89828138241145
Vatican City,VAT.1_1,0.0,0.0,0.0,Vatican City,Europe,0,,,0.527,8112.45294,0.0,71.42857142857143,7.142857142857142,17.857142857142858,15.95043858147193,788.5073400858707
Saint Vincent and the Grenadines,VCT.1_1,2.0,0.0,2.0,Saint Vincent and the Grenadines,North America,1,936.9119,0.75,397.945,272.6423,0.41225494557641545,6.640567072989886,53.27876145564552,28.175697719251417,24.933958343664806,2154.0952092488606
Venezuela,VEN.1_1,17.0,3.0,14.0,Venezuela,South America,0,388865.0963,1.75,910987.292,34.83995,2.384001827682606,0.4364586444813045,52.87688526743802,9.699930165720236,25.154750099593358,2152.8082676386744
Venezuela Islands,VEN.2_1,0.0,0.0,0.0,Venezuela,South America,1,,1.75,1373.51,522.10148,0.09182259182259182,7.707900207900208,9.58160083160083,7.746881496881497,25.54348744899125,504.05088247994576
Vietnam,VNM.1_1,5.0,0.0,5.0,Vietnam,Asia,0,377499.3519,1.25,329269.963,307.46342,22.272551440070103,4.389266315029706,53.134542733064606,15.327342159187232,23.633320903580415,2123.9892290441508
Vanuatu,VUT.1_1,4.0,0.0,4.0,Vanuatu,Oceania,1,988.9748,,12318.985,25.20071,0.01984387594364717,0.1472226605723919,80.79575832426973,5.004153039751063,24.07623815033627,2680.2670872446024
Samoa,WSM.1_1,6.0,0.0,6.0,Samoa,Oceania,1,879.3814,2.5,2853.36,69.88047,0.0,0.0,0.0,0.0,24.349651049375186,4077.3270704885595
Caspian Sea,XCA.1_1,0.0,0.0,0.0,Caspian Sea,Asia,0,,,371582.922,144.31142,0.022751066385889113,0.025403481524876398,0.006063362282666512,0.003379137737030852,14.508074174876464,262.0084017000684
Kosovo,XKO.1_1,1.0,0.0,1.0,Kosovo,Europe,0,8970.6818,,10836.644,192.39714,25.5726708403811,3.802067198017292,34.61206489524021,22.235797746591807,10.001903982080224,868.7147647807316
Paracel Islands,XPI.1_1,0.0,0.0,0.0,Paracel Islands,Asia,1,,,19.678,23.93414,4.396248534583822,3.5169988276670576,0.3516998827667057,1.9929660023446658,26.37400009155273,1510.42400390625
Spratly Islands,XSP.1_1,0.0,0.0,0.0,Spratly Islands,Asia,1,,,1.875,,3.1446540880503147,0.0,1.257861635220126,6.289308176100629,27.049999237060547,2250.550048828125
Yemen,YEM.1_1,4.0,1.0,3.0,Yemen,Asia,0,33087.8579,1.0,452194.797,66.355,2.7826369588172524,0.15776646273146658,0.004561095500367131,0.612873035860524,25.41002732702722,155.51055420387178
South Africa,ZAF.1_1,45.0,1.0,44.0,South Africa,Africa,0,387162.1683000001,2.5,1219709.074,48.86409,9.4587950695619,0.8768786544062654,2.885371360256333,6.760234656927701,17.659187933679448,495.6981358696512
Zambia,ZMB.1_1,3.0,0.0,3.0,Zambia,Africa,0,24056.9177,0.0,751172.35,24.83252,8.992004354255046,0.46544852228739725,23.636626350065374,45.634737454803734,21.85569487965276,1016.395766815219
Zimbabwe,ZWE.1_1,7.0,0.0,7.0,Zimbabwe,Africa,0,29569.3962,0.5,390042.598,36.67593,24.019919082622025,0.2434764898581644,4.340955748849099,43.14422685087493,21.335005556877448,680.9849651470839